City_ID,City,Lat,Lng,Max Temp,Humidity,Cloudiness,Wind Speed,Country,Date
0,anadyr,64.75,177.4833,-13.72,92,100,13.0,RU,1708576932
1,adamstown,-25.066,-130.1015,25.92,81,98,3.48,PN,1708576932
2,san patricio,28.017,-97.5169,20.47,86,1,8.7,US,1708576932
3,bilibino,68.0546,166.4372,-30.18,91,97,3.42,RU,1708576932
4,thunder bay,48.4001,-89.3168,-4.01,93,40,1.54,CA,1708576869
5,margaret river,-33.95,115.0667,24.16,44,0,6.82,AU,1708576933
6,college,64.8569,-147.8028,-5.01,86,75,3.6,US,1708576933
7,al hawatah,13.4167,34.6333,25.21,40,81,5.36,SD,1708576933
8,haiku-pauwela,20.9219,-156.3051,23.01,70,40,6.69,US,1708576933
9,lebanon,36.2081,-86.2911,15.44,49,100,5.66,US,1708576774
10,invercargill,-46.4,168.35,16.68,69,9,5.81,NZ,1708576933
11,xuanzhou,30.9525,118.7553,-1.41,94,100,4.06,CN,1708576934
12,kingston,17.997,-76.7936,24.53,61,20,6.17,JM,1708576846
13,vanimo,-2.6741,141.3028,28.25,80,76,2.53,PG,1708576934
14,edinburgh of the seven seas,-37.0676,-12.3116,18.14,90,99,12.01,SH,1708576934
15,iskateley,67.6803,53.1512,-18.88,96,94,3.58,RU,1708576934
16,fale old settlement,-9.3852,-171.2468,29.82,72,79,4.03,TK,1708576935
17,waitangi,-43.9535,-176.5597,15.46,86,57,3.58,NZ,1708576935
18,ciudad lazaro cardenas,17.9583,-102.2,23.27,81,0,1.27,MX,1708576935
19,blackmans bay,-43.0167,147.3167,33.07,35,53,6.71,AU,1708576935
20,barclayville,4.6797,-8.2339,25.89,90,38,2.44,LR,1708576935
21,kuala tungkal,-0.8167,103.4667,23.52,95,100,4.22,ID,1708576936
22,bethel,41.3712,-73.414,1.2,73,100,0.0,US,1708576936
23,queenstown,-31.8976,26.8753,16.29,84,99,2.13,ZA,1708576713
24,susuman,62.7833,148.1667,-25.01,91,99,1.79,RU,1708576936
25,tofol,5.3248,163.0078,28.26,83,87,8.91,FM,1708576937
26,vila velha,-20.3297,-40.2925,25.53,91,100,6.26,BR,1708576937
27,port-aux-francais,-49.35,70.2167,5.36,72,62,14.49,TF,1708576938
28,la passe,45.5549,-0.8967,11.13,84,100,6.97,FR,1708576938
29,west island,-12.1568,96.8225,30.99,70,40,5.66,CC,1708576939
30,ust-nera,64.5667,143.2,-26.63,96,99,1.28,RU,1708576940
31,puerto armuelles,8.2833,-82.8667,27.83,75,3,2.24,PA,1708576940
32,happy valley-goose bay,53.3168,-60.3315,-9.83,67,40,5.14,CA,1708576941
33,nuuk,64.1835,-51.7216,-8.66,79,100,6.17,GL,1708576753
34,atafu village,-8.5421,-172.5159,29.8,73,94,5.07,TK,1708576942
35,namibe,-15.1961,12.1522,24.36,73,99,2.52,AO,1708576943
36,stornoway,58.2093,-6.3865,2.99,89,75,2.57,GB,1708576943
37,hermanus,-34.4187,19.2345,16.63,68,63,3.11,ZA,1708576944
38,kurumkan,54.3,110.3,-21.04,88,12,0.89,RU,1708576932
39,afif,23.9065,42.9172,16.97,37,2,8.67,SA,1708576944
40,huarmey,-10.0681,-78.1522,24.12,78,100,2.38,PE,1708576945
41,centenario,-38.8043,-68.14,24.86,33,0,1.54,AR,1708576945
42,longyearbyen,78.2186,15.6401,-12.09,85,75,2.57,SJ,1708576945
43,center,31.5107,-96.4247,18.47,74,75,6.69,US,1708576946
44,grytviken,-54.2811,-36.5092,2.8,73,12,3.22,GS,1708576946
45,nambucca heads,-30.65,153.0,28.43,71,100,4.33,AU,1708576947
46,nouadhibou,20.931,-17.0347,19.99,64,100,5.14,MR,1708576948
47,nikfer,37.4054,29.1373,3.27,83,92,0.46,TR,1708576948
48,tannum sands,-23.9504,151.3693,30.94,55,94,5.66,AU,1708576948
49,georgetown,5.4112,100.3354,32.96,70,20,2.68,MY,1708576763
50,mar del plata,-38.0023,-57.5575,22.83,91,0,6.26,AR,1708576949
51,port mathurin,-19.6833,63.4167,27.18,87,89,10.44,MU,1708576949
52,olinda,-8.0089,-34.8553,26.85,94,75,1.03,BR,1708576950
53,wailua homesteads,22.0669,-159.378,24.24,76,40,6.17,US,1708576950
54,ushuaia,-54.8,-68.3,6.81,93,75,8.75,AR,1708576950
55,puerto natales,-51.7236,-72.4875,4.62,91,100,2.36,CL,1708576950
56,nova sintra,14.8667,-24.7167,20.74,69,100,8.15,CV,1708576950
57,sinabang,2.4803,96.3801,29.19,70,95,0.78,ID,1708576951
58,broome,42.2506,-75.833,1.46,77,0,4.12,US,1708576951
59,bani walid,31.7566,13.9942,11.14,75,90,0.99,LY,1708576951
60,vila franca do campo,37.7167,-25.4333,18.27,99,99,4.07,PT,1708576951
61,albertina,-22.2008,-46.6158,17.07,95,39,2.1,BR,1708576951
62,fort st. john,56.2499,-120.8529,2.94,48,40,7.2,CA,1708576952
63,quellon,-43.1167,-73.6167,10.01,92,90,3.26,CL,1708576952
64,chernyshevskiy,63.0128,112.4714,-18.46,90,67,3.1,RU,1708576952
65,lihue,21.9789,-159.3672,24.58,75,40,6.17,US,1708576953
66,tobol'sk,58.2,68.2667,-22.44,89,100,3.58,RU,1708576953
67,kerikeri,-35.2268,173.9474,24.39,71,49,0.45,NZ,1708576953
68,leninsk,48.7119,45.1994,-6.59,90,52,3.92,RU,1708576953
69,pathein,16.7833,94.7333,33.24,31,4,3.69,MM,1708576954
70,fujioka,36.25,139.0833,6.35,94,100,1.5,JP,1708576954
71,raja,8.4596,25.678,24.66,19,100,1.93,SS,1708576954
72,esfarayen,37.0765,57.5101,-1.19,52,1,1.22,IR,1708576954
73,avarua,-21.2078,-159.775,29.03,89,75,2.57,CK,1708576954
74,san ignacio,17.1561,-89.0714,20.08,88,40,0.0,BZ,1708576955
75,palamos,41.8484,3.1291,11.36,38,96,5.93,ES,1708576955
76,ilulissat,69.2167,-51.1,-21.09,97,31,3.32,GL,1708576955
77,tyuratam,45.6507,63.3156,-5.59,59,58,2.46,KZ,1708576956
78,iqaluit,63.7506,-68.5145,-29.06,68,100,0.0,CA,1708576956
79,qurayyat,31.3318,37.3428,5.1,70,0,2.06,SA,1708576956
80,arak,34.0917,49.6892,4.16,59,2,0.68,IR,1708576956
81,gunjur,13.2019,-16.7339,26.04,27,69,4.63,GM,1708576957
82,berezovyy,51.6667,135.7,-13.35,51,10,0.65,RU,1708576957
83,port alfred,-33.5906,26.891,16.77,90,80,0.89,ZA,1708576957
84,punta arenas,-53.15,-70.9167,6.06,81,75,4.12,CL,1708576957
85,puerto ayora,-0.7393,-90.3518,24.75,100,98,1.64,EC,1708576958
86,st. john's,47.5649,-52.7093,-9.13,84,20,4.63,CA,1708576817
87,borogontsy,62.6683,131.1683,-29.29,88,57,1.22,RU,1708576958
88,kenora,49.8167,-94.4337,-2.46,54,100,2.06,CA,1708576958
89,kaohsiung,22.6163,120.3133,28.97,65,40,4.63,TW,1708576923
90,utrik,11.2278,169.8474,26.57,83,99,8.62,MH,1708576959
91,belmonte,-15.8631,-38.8828,25.47,90,100,4.32,BR,1708576959
92,albany,42.6001,-73.9662,-0.43,76,56,0.45,US,1708576959
93,khorugh,37.4897,71.553,-9.9,86,96,0.33,TJ,1708576959
94,khandyga,62.6667,135.6,-33.96,88,79,0.31,RU,1708576959
95,puerto maldonado,-12.6,-69.1833,22.4,99,100,0.74,PE,1708576685
96,vilyuysk,63.7553,121.6247,-19.74,88,6,3.13,RU,1708576960
97,zakamensk,50.3741,103.2863,-14.89,66,100,1.29,RU,1708576960
98,east london,-33.0153,27.9116,20.52,73,0,3.6,ZA,1708576960
99,union hidalgo,16.4723,-94.8295,21.23,75,0,6.53,MX,1708576960
100,vorgashor,67.5833,63.95,-13.64,95,100,6.04,RU,1708576960
101,tateyama,34.9833,139.8667,7.83,88,100,9.32,JP,1708576961
102,lauro de freitas,-12.8944,-38.3272,27.01,94,40,2.06,BR,1708576961
103,bamboo flat,11.7,92.7167,29.05,61,8,3.09,IN,1708576961
104,sanctuary point,-35.1114,150.629,29.99,56,0,5.01,AU,1708576961
105,ad dabbah,18.05,30.95,20.36,25,0,4.07,SD,1708576961
106,tiksi,71.6872,128.8694,-26.86,97,93,3.67,RU,1708576962
107,biryusinsk,55.9634,97.8235,-17.8,86,99,1.77,RU,1708576962
108,hithadhoo,-0.6,73.0833,27.3,77,100,7.49,MV,1708576962
109,illela,13.7292,5.2975,22.85,13,79,5.93,NG,1708576962
110,palmer,42.1584,-72.3287,-1.38,83,20,0.0,US,1708576963
111,urengoy,65.9667,78.3667,-15.46,96,99,5.71,RU,1708576963
112,cartagena,10.3997,-75.5144,26.79,78,40,6.69,CO,1708576695
113,ola,59.5833,151.2833,-17.78,71,37,5.48,RU,1708576831
114,chonchi,-42.6128,-73.8092,11.73,98,97,1.48,CL,1708576964
115,tvoroyri,61.5556,-6.8111,5.97,67,61,6.94,FO,1708576964
116,ongjin,37.9347,125.3619,0.18,91,98,4.89,KP,1708576964
117,aykhal,66.0,111.5,-17.91,83,4,3.46,RU,1708576964
118,mek'ele,13.4967,39.4753,16.25,81,77,5.55,ET,1708576965
119,saint-joseph,-21.3667,55.6167,24.21,85,96,6.9,RE,1708576965
120,cabo san lucas,22.8909,-109.9124,20.98,73,0,3.94,MX,1708576774
121,monrovia,6.3005,-10.7969,26.54,89,18,2.96,LR,1708576718
122,klyuchi,52.2667,79.1667,-21.61,81,12,2.94,RU,1708576965
123,constantia,44.1833,28.65,-0.62,88,11,2.0,RO,1708576965
124,yasuj,30.6682,51.588,-0.25,74,0,0.0,IR,1708576966
125,tura,25.5198,90.2201,23.29,38,88,1.21,IN,1708576966
126,crane,31.3974,-102.3501,19.27,15,81,3.57,US,1708576966
127,mramani,-12.3464,44.5286,27.99,79,59,4.33,KM,1708576967
128,isafjordur,66.0755,-23.124,-2.69,85,51,1.55,IS,1708576967
129,sisimiut,66.9395,-53.6735,-14.41,94,100,3.99,GL,1708576967
130,forster,-32.1667,152.5167,26.27,80,100,4.11,AU,1708576967
131,bardai,11.65,7.2333,19.98,18,71,4.07,NG,1708576967
132,kimbe,-5.5502,150.1429,27.48,85,98,1.14,PG,1708576968
133,mount pearl,47.5166,-52.7813,-9.59,85,20,4.63,CA,1708576968
134,malango,-2.9627,119.9001,29.69,62,75,0.78,ID,1708576968
135,adam,22.3756,57.5233,21.5,56,0,3.92,OM,1708576969
136,socorro,31.6546,-106.3033,19.5,16,20,7.72,US,1708576803
137,afaahiti,-17.75,-149.2833,27.93,80,60,4.55,PF,1708576970
138,selfoss,63.9331,-20.9971,-1.77,89,94,3.49,IS,1708576970
139,verkhnevilyuysk,63.4453,120.3167,-17.96,87,9,3.23,RU,1708576971
140,al kharijah,25.4514,30.5464,13.19,46,95,3.98,EG,1708576971
141,touros,-5.1989,-35.4608,25.84,84,40,1.33,BR,1708576971
142,puerto aysen,-45.4,-72.7,9.81,98,100,2.54,CL,1708576972
143,ghanzi,-21.5667,21.7833,25.05,35,42,1.68,BW,1708576972
144,ar raqqah,35.95,39.0167,11.25,65,67,2.56,SY,1708576972
145,kailua-kona,19.6406,-155.9956,25.98,73,75,3.09,US,1708576923
146,guerrero negro,27.9769,-114.0611,15.9,84,68,5.7,MX,1708576972
147,keflavik,64.0049,-22.5624,1.24,93,100,4.12,IS,1708576973
148,thompson,55.7435,-97.8558,-13.91,85,100,1.03,CA,1708576973
149,luderitz,-26.6481,15.1594,16.47,76,0,7.84,NA,1708576973
150,gamba,-2.65,10.0,26.43,90,100,2.21,GA,1708576973
151,hadibu,12.65,54.0333,25.91,66,87,4.51,YE,1708576974
152,port saint john's,-31.6229,29.5448,21.48,92,100,4.46,ZA,1708576974
153,boyolangu,-8.1181,111.8935,32.04,63,85,1.84,ID,1708576974
154,vratsa,43.21,23.5625,3.27,79,5,2.39,BG,1708576975
155,nahrin,36.0649,69.1334,0.8,60,71,0.38,AF,1708576975
156,yellowknife,62.456,-114.3525,-17.71,85,20,3.6,CA,1708576975
157,kristiansund,63.1115,7.732,6.36,65,75,1.54,NO,1708576975
158,lazaro cardenas,17.9583,-102.2,23.27,81,0,1.27,MX,1708576935
159,sinop,41.7711,34.8709,2.24,97,100,1.09,TR,1708576976
160,ribeira grande,38.5167,-28.7,15.43,76,57,2.68,PT,1708576976
161,pljevlja,43.3333,19.3333,1.87,86,13,1.76,ME,1708576976
162,mangrol,21.1167,70.1167,25.31,59,19,5.71,IN,1708576976
163,charlottetown,46.2352,-63.1267,-7.75,76,0,4.12,CA,1708576977
164,haimen,23.1935,116.6142,25.94,84,38,9.46,CN,1708576977
165,buala,-8.145,159.5921,28.87,82,97,2.78,SB,1708576977
166,whitehorse,60.7161,-135.0538,0.43,74,75,7.72,CA,1708576977
167,benoy,8.9833,16.3199,25.46,21,57,1.85,TD,1708576978
168,tual,-5.6667,132.75,29.17,75,64,2.65,ID,1708576978
169,talcahuano,-36.7167,-73.1167,13.82,94,75,1.54,CL,1708576978
170,horten,59.4155,10.4853,4.9,99,100,6.69,NO,1708576978
171,grand-lahou,5.1367,-5.0242,26.76,89,77,4.28,CI,1708576978
172,petropavlovsk-kamchatsky,53.0452,158.6483,-10.67,79,75,9.0,RU,1708576978
173,coron,11.9986,120.2043,30.44,57,44,5.54,PH,1708576979
174,businga,3.3333,20.8833,22.64,73,99,1.03,CD,1708576979
175,igarka,67.4667,86.5833,-19.63,97,100,9.11,RU,1708576979
176,lompoc,34.6391,-120.4579,12.08,88,0,5.36,US,1708576979
177,port elizabeth,-33.918,25.5701,17.4,88,0,3.09,ZA,1708576980
178,ungsang-nodongjagu,42.3578,130.4622,-3.65,23,8,4.98,KP,1708576980
179,hell-ville,-13.4,48.2667,26.93,77,20,0.0,MG,1708576980
180,stanley,54.868,-1.6985,7.01,88,20,4.63,GB,1708576981
181,naze,28.3667,129.4833,19.51,81,98,5.86,JP,1708576981
182,papatowai,-46.5619,169.4708,15.54,68,8,1.98,NZ,1708576981
183,saipan,15.1355,145.701,29.39,70,75,9.26,MP,1708576982
184,tralee,52.2704,-9.7026,5.05,81,83,5.07,IE,1708576982
185,opuwo,-18.0607,13.84,22.47,56,91,0.67,NA,1708576982
186,zhangjiakou,40.81,114.8794,-6.68,37,83,1.86,CN,1708576982
187,olonkinbyen,70.9221,-8.7187,0.37,98,100,5.17,SJ,1708576983
188,mahina,-17.5065,-149.489,28.87,74,40,2.06,PF,1708576984
189,puerto santa,-8.9906,-78.6456,23.7,80,100,3.1,PE,1708576984
190,malvan,16.0667,73.4667,26.78,59,24,4.08,IN,1708576984
191,san antonio de pale,-1.4014,5.6325,28.69,80,95,3.15,GQ,1708576984
192,howli,26.4333,90.9667,21.75,43,80,0.9,IN,1708576985
193,okhotsk,59.3833,143.3,-20.12,77,100,7.5,RU,1708576985
194,new norfolk,-42.7826,147.0587,33.73,24,52,6.17,AU,1708576985
195,carnarvon,-24.8667,113.6333,28.33,57,30,8.57,AU,1708576985
196,trairi,-3.2778,-39.2689,23.22,94,100,1.08,BR,1708576709
197,altai,46.3722,96.2583,-15.3,77,46,1.62,MN,1708576986
198,ashland,40.8167,-82.2665,12.3,72,100,5.92,US,1708576986
199,zouerate,22.7187,-12.4521,17.27,22,1,6.47,MR,1708576986
200,la ronge,55.1001,-105.2842,2.14,55,100,4.12,CA,1708576986
201,kavieng,-2.5744,150.7967,28.61,73,99,5.19,PG,1708576987
202,kuta,-8.7233,115.1723,31.97,70,40,5.66,ID,1708576987
203,vorkuta,67.5,64.0,-13.61,95,100,6.14,RU,1708576987
204,gadzhiyevo,69.2551,33.3362,-4.21,96,100,4.45,RU,1708576988
205,bandon,51.7469,-8.7425,5.77,86,100,2.96,IE,1708576988
206,dong ha,16.8163,107.1003,31.32,57,1,3.27,VN,1708576988
207,wotho,10.1657,166.0102,26.75,87,83,10.08,MH,1708576988
208,caleta de carquin,-11.0925,-77.6267,24.02,78,100,3.11,PE,1708576988
209,conceicao da barra,-18.5933,-39.7322,23.56,97,100,1.31,BR,1708576936
210,corralillo,22.9819,-80.5856,18.64,58,0,4.8,CU,1708576989
211,mikuni,36.2171,136.1519,5.95,77,100,9.5,JP,1708576989
212,bredasdorp,-34.5322,20.0403,16.0,65,42,0.47,ZA,1708576989
213,sukhinichi,54.0999,35.3425,-4.17,98,99,2.73,RU,1708576990
214,nagqu,31.5,92.0,-4.24,36,100,12.72,CN,1708576990
215,kefamenanu,-9.4467,124.4781,30.44,58,40,5.22,ID,1708576990
216,hawaiian paradise park,19.5933,-154.9731,22.73,81,0,2.06,US,1708576990
217,seloncourt,47.4599,6.8554,10.41,82,100,8.31,FR,1708576990
218,ancud,-41.8697,-73.8203,11.84,87,96,2.92,CL,1708576991
219,talnakh,69.4865,88.3972,-17.11,92,100,7.43,RU,1708576991
220,taroa,8.7058,171.2275,27.51,81,99,9.52,MH,1708576991
221,sao jose da coroa grande,-8.8978,-35.1478,26.05,86,95,2.64,BR,1708576992
222,qarazhal,48.0078,70.7903,-15.29,73,99,5.44,KZ,1708576992
223,port blair,11.6667,92.75,29.02,61,8,3.09,IN,1708576992
224,les cayes,18.2,-73.75,21.62,68,2,7.09,HT,1708576992
225,sao joao,-8.8756,-36.3667,20.56,97,97,1.59,BR,1708576993
226,alice springs,-23.7,133.8833,39.75,11,10,3.09,AU,1708576884
227,nuku'alofa,-21.1333,-175.2,27.19,89,100,6.17,TO,1708576993
228,rongelap,11.1635,166.8941,26.44,88,92,10.33,MH,1708576997
229,kodiak,57.79,-152.4072,3.73,87,100,1.54,US,1708576997
230,arawa,-6.2132,155.5367,29.78,78,94,0.73,PG,1708576998
231,zeya,53.75,127.2667,-13.62,62,1,4.39,RU,1708576998
232,coahuayana de hidalgo,18.7,-103.6583,22.45,73,0,1.09,MX,1708576999
233,tierp,60.3427,17.5181,0.9,98,100,2.89,SE,1708576999
234,can gio,10.4167,106.9667,29.48,60,3,6.2,VN,1708576999
235,amahai,-3.3333,128.9167,29.97,72,86,1.99,ID,1708577005
236,jamestown,42.097,-79.2353,8.77,63,84,3.58,US,1708576759
237,lagoa,39.05,-27.9833,14.63,72,72,9.38,PT,1708577005
238,hasaki,35.7333,140.8333,6.27,84,100,9.14,JP,1708577005
239,kavaratti,10.5669,72.642,28.26,67,33,6.04,IN,1708577006
240,askino,56.0901,56.5783,-21.01,100,100,1.84,RU,1708577006
241,udachny,66.4167,112.4,-16.42,84,3,4.0,RU,1708577006
242,tamanrasset,22.785,5.5228,9.95,25,0,2.06,DZ,1708577006
243,glace bay,46.1969,-59.957,-4.45,86,40,1.54,CA,1708577006
244,fort bragg,35.139,-79.006,5.67,80,0,0.0,US,1708577007
245,newman,37.3138,-121.0208,13.13,87,67,0.45,US,1708577007
246,weno,7.4515,151.8468,25.97,100,100,4.63,FM,1708577007
247,iquitos,-3.7481,-73.2472,26.02,89,0,0.0,PE,1708576943
248,pyin oo lwin,22.0333,96.4667,25.89,28,73,3.4,MM,1708577007
249,mosjoen,65.836,13.1908,6.06,60,75,6.69,NO,1708577008
250,vernon,50.2581,-119.2691,6.45,92,87,1.03,CA,1708577008
251,bestobe,52.4994,73.0975,-20.53,81,27,4.06,KZ,1708577009
252,ecublens,46.529,6.5626,10.44,87,100,5.45,CH,1708577009
253,brak,27.5496,14.2714,10.78,72,98,3.41,LY,1708577009
254,loango,-4.6719,11.8312,26.81,89,100,1.54,CG,1708577009
255,timimoun,29.2639,0.231,8.21,42,0,2.57,DZ,1708577009
256,guaramirim,-26.4731,-49.0028,23.85,98,72,0.77,BR,1708577010
257,codrington,-38.2667,141.9667,26.85,46,0,10.97,AU,1708577010
258,santana,-0.0583,-51.1817,26.1,83,0,3.09,BR,1708577010
259,peymeinade,43.6333,6.8833,10.97,77,100,3.09,FR,1708577010
260,bima,-8.4667,118.7167,31.19,69,83,4.22,ID,1708577010
261,muli,2.9167,73.5667,27.24,80,100,3.92,MV,1708577011
262,el porvenir,13.7617,-87.3458,20.63,74,2,3.41,HN,1708577011
263,kolwezi,-10.7148,25.4667,16.96,88,23,1.59,CD,1708577011
264,vadso,70.0744,29.7487,-2.91,93,75,4.63,NO,1708577011
265,auki,-8.7676,160.7034,29.2,76,86,3.18,SB,1708577011
266,merizo village,13.2658,144.6691,29.31,85,88,9.28,GU,1708577011
267,hit,33.6416,42.8251,13.81,54,0,1.45,IQ,1708577012
268,altamira,-3.2033,-52.2064,22.75,86,47,1.42,BR,1708577014
269,dzuunharaa,48.8523,106.4579,-14.86,68,100,0.57,MN,1708577014
270,newport,51.5877,-2.9984,10.38,93,91,10.1,GB,1708577014
271,sandnessjoen,66.0217,12.6316,6.06,49,75,5.66,NO,1708577014
272,toamasina,-18.1667,49.3833,24.0,94,40,2.06,MG,1708577014
273,jidong,45.2167,131.0833,-9.12,64,31,6.04,CN,1708577015
274,nemuro,43.3236,145.575,-4.23,49,88,8.22,JP,1708577015
275,luebo,-5.35,21.4167,22.49,99,100,0.5,CD,1708577015
276,lospalos,-8.5186,127.0025,31.21,53,77,5.27,TL,1708577015
277,vilyuchinsk,52.9306,158.4028,-9.85,70,100,6.82,RU,1708577015
278,velizh,55.6056,31.1967,-0.97,98,99,3.41,RU,1708577016
279,ploneour-lanvern,47.9,-4.2833,12.18,100,100,7.72,FR,1708577016
280,kendari,-3.945,122.4989,30.76,66,88,2.8,ID,1708577016
281,tazovsky,67.4667,78.7,-16.09,95,97,6.65,RU,1708577016
282,yamada,39.4667,141.95,1.86,68,100,1.34,JP,1708577016
283,zapata,26.9073,-99.2714,21.06,78,0,4.63,US,1708577017
284,sitka,57.0531,-135.33,6.94,76,100,2.57,US,1708577017
285,reggane,26.7158,0.1714,13.02,42,0,6.25,DZ,1708577017
286,saldanha,-33.0117,17.9442,17.05,75,31,6.94,ZA,1708577017
287,port moresby,-9.4431,147.1797,23.97,93,100,5.18,PG,1708577017
288,tughyl,47.7252,84.2063,-27.67,89,78,1.3,KZ,1708577018
289,mitsamiouli,-11.3847,43.2844,29.28,76,100,6.16,KM,1708577018
290,akora,34.0036,72.1261,13.92,39,50,2.85,PK,1708577019
291,zhuanghe,39.7008,122.9911,-1.48,29,99,6.21,CN,1708577019
292,aripuana,-9.1667,-60.6333,22.9,99,100,0.91,BR,1708576755
293,waddan,29.1614,16.139,10.92,84,99,2.28,LY,1708577019
294,parvatipuram,18.7833,83.4333,31.66,34,59,2.88,IN,1708577020
295,andergrove,-21.0833,149.1833,27.18,74,99,1.87,AU,1708577020
296,springs,-26.25,28.4,20.37,46,73,2.17,ZA,1708577020
297,el granada,37.5027,-122.4694,12.69,87,100,3.09,US,1708577020
298,port douglas,-16.4833,145.4667,27.78,80,76,4.31,AU,1708577020
299,midvagur,62.0511,-7.1939,1.46,93,75,1.54,FO,1708577021
300,mohr,54.3528,9.7167,7.3,98,75,5.14,DE,1708577021
301,flying fish cove,-10.4217,105.6791,27.9,70,99,4.13,CX,1708577021
302,el colorado,-26.3081,-59.3729,23.8,66,78,2.05,AR,1708577021
303,la'ie,21.6477,-157.9253,23.12,73,32,4.92,US,1708577021
304,revda,56.801,59.9303,-17.1,96,90,2.2,RU,1708577022
305,guarapari,-20.6667,-40.4975,25.5,94,100,3.86,BR,1708577022
306,sakakah,29.9697,40.2064,11.76,50,0,6.0,SA,1708576993
307,brookings,44.3114,-96.7984,4.54,88,0,0.0,US,1708577022
308,siracusa,37.0881,15.2792,8.77,84,6,4.64,IT,1708577022
309,cardigan,52.0847,-4.6591,9.96,90,99,2.71,GB,1708577023
310,sovetskiy,61.3614,63.5842,-13.39,95,96,2.68,RU,1708577023
311,mount gambier,-37.8333,140.7667,25.47,52,0,5.84,AU,1708577023
312,padangsidempuan,1.3667,99.2667,29.01,72,54,1.47,ID,1708576908
313,al bardiyah,31.7561,25.0865,13.05,78,0,3.62,LY,1708577023
314,enewetak,11.3474,162.3373,26.52,86,98,11.5,MH,1708577023
315,alaghsas,17.0187,8.0168,20.58,14,100,4.61,NE,1708577024
316,oyama,36.3,139.8,4.26,88,100,1.64,JP,1708577024
317,tame,6.461,-71.73,27.14,49,100,1.9,CO,1708577024
318,graaff-reinet,-32.2522,24.5308,15.51,77,71,1.69,ZA,1708577024
319,atotonilco el grande,20.2833,-98.6667,13.66,45,0,2.28,MX,1708577024
320,qingdao,36.0986,120.3719,-2.22,59,0,6.0,CN,1708576747
321,uturoa,-16.7333,-151.4333,28.43,79,80,5.05,PF,1708577025
322,suva,-18.1416,178.4415,29.71,74,75,3.6,FJ,1708577025
323,linxia chengguanzhen,35.6003,103.2064,-5.79,73,100,1.85,CN,1708577025
324,prince rupert,54.3161,-130.3201,4.83,93,100,5.66,CA,1708577025
325,souillac,-20.5167,57.5167,26.3,100,75,5.14,MU,1708577025
326,dawesville,30.9224,-84.0091,9.64,75,0,0.0,US,1708577026
327,daru,-9.0763,143.2092,28.79,79,98,0.46,PG,1708577026
328,port lincoln,-34.7333,135.8667,22.2,60,79,8.66,AU,1708577026
329,roanoke,37.271,-79.9414,6.56,74,75,0.45,US,1708576572
330,nhamunda,-2.1861,-56.7131,23.65,71,62,1.17,BR,1708577026
331,alofi,-19.0595,-169.9187,28.94,79,75,5.14,NU,1708577027
332,banda aceh,5.5577,95.3222,29.3,74,79,3.54,ID,1708577027
333,choyr,46.3611,108.3611,-18.28,56,8,0.46,MN,1708577027
334,bandar-e lengeh,26.5579,54.8807,18.06,68,0,3.09,IR,1708577027
335,fortuna,40.5982,-124.1573,11.19,94,0,1.79,US,1708576986
336,remire-montjoly,4.9167,-52.2667,23.02,100,75,1.03,GF,1708577027
337,sakiet sidi youssef,36.2229,8.3555,0.76,89,4,1.88,TN,1708577028
338,aldinga beach,-35.2793,138.4604,34.0,49,60,4.72,AU,1708577028
339,znamensk,48.5842,45.7338,-6.99,90,29,3.62,RU,1708577028
340,humaita,-7.5061,-63.0208,24.14,90,100,1.29,BR,1708577028
341,satuek,15.297,103.2919,33.31,35,20,4.12,TH,1708577028
342,puerto baquerizo moreno,-0.9,-89.6,26.38,83,100,2.49,EC,1708577029
343,maceio,-9.6658,-35.7353,25.69,94,20,1.03,BR,1708577029
344,olyokminsk,60.3736,120.4264,-14.56,81,72,4.04,RU,1708577029
345,faya-largeau,17.9257,19.1043,24.15,15,83,5.16,TD,1708577029
346,conneaut,41.9476,-80.5542,11.62,72,100,7.99,US,1708577029
347,kaveripatnam,12.4167,78.2333,30.01,43,53,2.99,IN,1708577030
348,kurkino,53.4257,38.6582,-6.12,95,95,5.21,RU,1708577030
349,new plymouth,-39.0667,174.0833,21.0,68,99,1.92,NZ,1708577031
350,yemva,62.59,50.8594,-8.92,95,100,3.58,RU,1708577031
351,aginskoye,51.1,114.53,-11.8,52,0,2.13,RU,1708577031
352,pishva,35.308,51.7267,8.67,57,73,1.2,IR,1708577032
353,mani,4.8172,-72.2886,29.37,41,100,2.04,CO,1708577033
354,kokpekty,48.75,82.4,-26.89,92,9,1.45,KZ,1708577033
355,arar,30.9753,41.0381,9.01,61,0,3.6,SA,1708577033
356,sibolga,1.7427,98.7792,29.08,70,94,1.41,ID,1708577033
357,dudinka,69.4058,86.1778,-16.29,93,100,11.18,RU,1708577034
358,la romana,18.4273,-68.9728,21.87,83,42,5.44,DO,1708577034
359,basse santa su,13.31,-14.2137,22.77,15,29,3.53,GM,1708577034
360,arraial do cabo,-22.9661,-42.0278,23.89,94,100,10.26,BR,1708577034
361,fort mcmurray,56.7268,-111.381,1.77,64,0,5.14,CA,1708577035
362,barra do bugres,-15.0725,-57.1811,22.13,96,91,1.02,BR,1708577035
363,labuan,5.2767,115.2417,31.2,70,20,1.54,MY,1708577035
364,freetown,8.484,-13.2299,25.84,83,54,5.14,SL,1708576975
365,khovd,48.0056,91.6419,-18.24,56,3,1.64,MN,1708577035
366,thinadhoo,0.5333,72.9333,27.36,72,100,6.83,MV,1708577036
367,itaituba,-4.2761,-55.9836,22.41,85,66,0.57,BR,1708577036
368,kharp,66.8014,65.8081,-13.6,92,100,2.64,RU,1708577036
369,porto novo,6.4965,2.6036,28.9,82,88,2.55,BJ,1708577037
370,brandon,27.9378,-82.2859,13.93,70,0,3.09,US,1708576988
371,mili,6.0815,171.735,27.77,83,99,9.33,MH,1708577037
372,antofagasta,-23.65,-70.4,20.6,80,62,1.06,CL,1708576817
373,noumea,-22.2763,166.4572,30.56,99,47,6.79,NC,1708576733
374,obock,12.25,43.0833,20.66,77,74,8.33,DJ,1708577037
375,tambopata,-12.7333,-69.1833,22.24,99,100,0.84,PE,1708577038
376,kaharlyk,49.8623,30.8282,3.87,89,99,4.76,UA,1708577038
377,vitry-le-francois,48.7333,4.5833,10.48,95,100,8.04,FR,1708577038
378,panjab,34.388,67.0233,-13.35,89,54,1.84,AF,1708577038
379,aktau,43.65,51.2,-4.68,70,44,4.82,KZ,1708577039
380,inhambane,-23.865,35.3833,26.21,66,14,2.13,MZ,1708577039
381,polyarnyy,69.1989,33.4478,-3.77,95,100,4.74,RU,1708577039
382,aasiaat,68.7098,-52.8699,-16.51,95,82,9.02,GL,1708577039
383,boende,-0.2167,20.8667,22.6,83,99,0.72,CD,1708577039
384,konarka,19.9,86.1167,30.22,63,78,9.19,IN,1708577039
385,goz beida,13.95,20.55,23.06,14,53,3.96,TD,1708577040
386,hamilton,39.1834,-84.5333,13.57,50,100,4.63,US,1708576754
387,hyesan,41.4017,128.1778,-5.72,55,43,0.61,KP,1708577040
388,rio grande,-32.035,-52.0986,22.75,90,1,4.03,BR,1708576509
389,prince albert,53.2001,-105.7677,-3.03,68,75,5.66,CA,1708577040
390,celendin,-6.8703,-78.1517,11.43,76,99,2.69,PE,1708577041
391,lamu,-2.2717,40.902,27.95,77,77,7.1,KE,1708577041
392,plattsburgh,44.6995,-73.4529,3.18,57,0,4.63,US,1708577041
393,kapuskasing,49.4169,-82.4331,-8.95,92,100,4.63,CA,1708577041
394,greymouth,-42.4667,171.2,16.37,67,100,2.69,NZ,1708577042
395,maardu,59.4767,25.025,2.0,86,100,4.12,EE,1708577042
396,taro,-8.3862,115.28,28.0,76,95,0.68,ID,1708577042
397,goundi,9.3627,17.366,25.92,19,54,1.17,TD,1708577043
398,lodwar,3.1191,35.5973,30.28,29,98,7.19,KE,1708577043
399,kashary,49.04,41.0056,-6.99,95,64,3.37,RU,1708577043
400,yagoua,10.3411,15.2329,23.62,25,70,3.26,CM,1708577043
401,mao,39.8885,4.2658,13.31,88,75,6.17,ES,1708577044
402,palopo,-2.9996,120.1921,30.42,70,41,2.06,ID,1708577044
403,oliveira dos brejinhos,-12.3169,-42.8961,20.19,99,100,0.61,BR,1708577044
404,kone,-21.0595,164.8658,30.6,64,60,2.14,NC,1708577044
405,biratnagar,26.4831,87.2834,23.19,45,98,1.6,NP,1708576863
406,tejen,37.3834,60.5054,6.54,42,5,3.65,TM,1708577045
407,saynshand,44.8824,110.1163,-18.61,66,3,1.71,MN,1708577045
408,kiunga,-6.1219,141.2906,29.39,80,99,0.87,PG,1708577045
409,cambria,35.5641,-121.0808,12.41,94,64,0.89,US,1708577046
410,sheki,41.1919,47.1706,2.31,87,96,0.54,AZ,1708577046
411,xapuri,-10.6517,-68.5044,22.94,99,100,0.34,BR,1708577047
412,nar'yan-mar,67.6713,53.087,-18.83,96,93,3.58,RU,1708577047
413,okha,53.5739,142.9478,-21.62,76,47,6.67,RU,1708577047
414,badger,64.8,-147.5333,-5.05,87,75,3.6,US,1708577047
415,vuktyl,63.8567,57.3094,-9.94,95,100,3.58,RU,1708577048
416,salalah,17.0151,54.0924,27.05,24,0,4.12,OM,1708577048
417,whistler,50.1164,-122.9695,3.64,96,96,0.29,CA,1708577048
418,christchurch,-43.5333,172.6333,20.3,67,75,6.69,NZ,1708576902
419,altayskoye,51.9533,85.3325,-20.14,83,10,1.17,RU,1708577048
420,asau,46.4333,26.4,-0.4,82,30,2.46,RO,1708577049
421,oranjemund,-28.55,16.4333,15.06,92,10,4.8,NA,1708577049
422,zheleznogorsk-ilimskiy,56.5768,104.1217,-15.91,83,33,0.45,RU,1708577049
423,polovinnoye,54.7914,65.9864,-25.89,86,76,2.05,RU,1708577049
424,mboursou lere,9.7639,14.1539,24.79,18,40,1.46,TD,1708577050
425,levuka,50.1834,-105.4011,-8.16,92,25,3.22,CA,1708577050
426,trincomalee,8.5711,81.2335,26.84,73,9,2.05,LK,1708576929
427,wailea,19.8858,-155.123,22.57,82,0,2.06,US,1708577050
428,hilo,19.7297,-155.09,22.85,79,0,2.06,US,1708577050
429,tara,56.8944,74.371,-22.63,80,98,3.42,RU,1708577051
430,amungan,15.3652,119.9582,31.3,46,7,3.73,PH,1708577051
431,belyy yar,53.6039,91.3903,-23.06,77,40,2.0,RU,1708577051
432,kathmandu,27.7167,85.3167,17.12,48,75,1.03,NP,1708576513
433,sirte,31.2089,16.5887,12.82,79,98,3.43,LY,1708577051
434,andovoranto,-18.95,49.1,26.19,74,98,1.49,MG,1708577052
435,mawlamyinegyunn,16.3833,95.2667,32.55,32,3,3.15,MM,1708577052
436,kurchatov,51.6601,35.6521,0.23,99,100,2.2,RU,1708577052
437,adrar,20.5022,-10.0711,16.53,25,88,7.55,MR,1708577053
438,tangalle,6.024,80.7911,29.09,61,87,3.56,LK,1708577053
439,rio gallegos,-51.6226,-69.2181,10.03,87,100,5.66,AR,1708577053
440,gaiman,-43.2897,-65.4929,25.76,25,99,9.48,AR,1708577054
441,magadan,59.5667,150.8,-17.87,72,35,3.05,RU,1708577054
442,victorica,-36.2151,-65.4359,23.47,67,70,1.08,AR,1708577054
443,saint-leu,-21.15,55.2833,26.46,76,100,7.78,RE,1708577054
444,kaoma,-14.7833,24.8,17.42,71,2,1.96,ZM,1708577054
445,ebaye,8.7748,167.7392,29.01,79,75,8.23,MH,1708577054
446,griffith,41.5284,-87.4237,13.07,81,100,1.54,US,1708577055
447,ahmadpur sial,30.6754,71.7483,18.86,24,0,2.28,PK,1708577055
448,taulaga,-11.0553,-171.0883,29.54,70,89,2.48,AS,1708577055
449,amuntai,-2.4177,115.2494,30.34,68,100,0.03,ID,1708577055
450,qaqortoq,60.7167,-46.0333,-9.07,74,84,11.96,GL,1708577055
451,banes,20.9625,-75.7186,21.35,54,28,4.65,CU,1708577056
452,abaza,52.655,90.0928,-14.77,74,100,0.69,RU,1708577056
453,igrim,63.1906,64.4162,-14.41,94,78,2.52,RU,1708577056
454,kencong,-8.2833,113.3667,31.41,66,94,4.41,ID,1708577056
455,leua,48.2156,18.6071,5.28,88,100,3.64,SK,1708577057
456,westfield,42.1251,-72.7495,-0.51,83,0,0.0,US,1708577057
457,bandarbeyla,9.4942,50.8122,27.19,74,100,7.12,SO,1708577057
458,bellavista,-7.0561,-76.5911,22.65,99,93,0.54,PE,1708577057
459,geraldton,-28.7667,114.6,31.23,35,66,10.29,AU,1708577057
460,strezhevoy,60.7333,77.5889,-22.24,94,100,3.13,RU,1708577058
461,katsuren-haebaru,26.3369,127.8719,27.43,71,100,5.14,JP,1708577058
462,balkanabat,39.5108,54.3671,5.95,70,85,1.48,TM,1708577058
463,pointe-noire,-4.7761,11.8635,27.04,89,100,1.54,CG,1708577058
464,sabang,5.8933,95.3214,28.08,75,33,3.92,ID,1708577058
465,gaspe,48.8334,-64.4819,-4.05,39,0,3.6,CA,1708576923
466,berdigestyakh,62.0989,126.6992,-18.91,92,100,4.3,RU,1708577059
467,trinidad,-14.8333,-64.9,22.59,99,100,1.75,BO,1708577059
468,rundu,-17.9333,19.7667,20.47,44,89,1.14,NA,1708577059
469,dunedin,-45.8742,170.5036,16.0,70,21,2.68,NZ,1708577060
470,jeddah,21.5169,39.2192,21.92,68,0,2.57,SA,1708577060
471,twentynine palms,34.1356,-116.0542,13.32,65,14,0.89,US,1708577060
472,ketchikan,55.3422,-131.6461,3.99,93,0,2.57,US,1708577060
473,taperoa,-7.2075,-36.8267,22.47,91,92,1.18,BR,1708577061
474,winnemucca,40.973,-117.7357,2.03,80,0,1.54,US,1708577061
475,peniscola,40.3359,0.3613,14.63,75,100,0.53,ES,1708577061
476,beloyarskiy,63.7119,66.6722,-14.44,97,95,2.24,RU,1708577061
477,lincoln city,44.9582,-124.0179,9.83,95,83,1.79,US,1708577061
478,bei'an,24.5399,109.533,5.64,80,100,5.64,CN,1708577062
479,kargasok,59.0556,80.8572,-18.37,78,100,3.17,RU,1708577062
480,guiratinga,-16.3494,-53.7583,20.89,93,73,0.89,BR,1708577063
481,mount isa,-20.7333,139.5,32.87,43,40,1.54,AU,1708577063
482,ghormach,35.7306,63.7826,4.98,58,0,1.91,AF,1708577063
483,mugia,43.1041,-9.2179,14.95,93,100,14.45,ES,1708577063
484,jahazpur,25.6167,75.2833,23.46,14,16,1.97,IN,1708577063
485,tabas,33.5959,56.9244,11.35,25,0,1.44,IR,1708577064
486,mochudi,-24.4167,26.15,22.33,41,74,2.01,BW,1708577064
487,baruun-urt,46.6806,113.2792,-20.99,72,1,3.4,MN,1708577064
488,bharatpur,27.2167,77.4833,20.95,24,55,0.91,IN,1708577064
489,siwa oasis,29.2041,25.5195,12.24,56,0,3.43,EG,1708577064
490,kajiado,-1.8524,36.7768,17.33,81,72,6.92,KE,1708577065
491,kapa'a,22.0752,-159.319,24.99,75,75,6.17,US,1708577065
492,beyneu,45.3167,55.2,-5.75,49,15,3.3,KZ,1708577065
493,hanting,36.7708,119.2108,-1.8,71,95,7.64,CN,1708577065
494,ahfir,34.9537,-2.1003,11.34,38,95,2.37,MA,1708576805
495,santa lucia,27.9117,-15.5407,13.76,77,20,6.17,ES,1708577066
496,beledweyne,4.7358,45.2036,27.28,63,100,9.12,SO,1708577066
497,inirida,3.8653,-67.9239,24.89,62,100,1.01,CO,1708577066
498,ubinskoye,55.3068,79.6802,-22.78,86,92,2.51,RU,1708577067
499,funafuti,-8.5243,179.1942,32.0,70,75,1.03,TV,1708577067
500,puerto san jose,13.9256,-90.8244,24.15,77,29,2.26,GT,1708577067
501,preobrazheniye,42.9019,133.9064,-5.41,33,1,0.98,RU,1708577067
502,erraguntla,14.6333,78.5333,30.82,25,73,3.9,IN,1708577067
503,moranbah,-22.0016,148.0466,29.88,47,100,5.48,AU,1708577068
504,pisco,-13.7,-76.2167,25.03,83,40,6.17,PE,1708577068
505,sao gabriel da cachoeira,-0.1303,-67.0892,24.6,79,72,0.42,BR,1708577068
506,sejenane,37.0572,9.2381,5.53,91,11,2.27,TN,1708577068
507,echuca,-36.1333,144.75,38.31,24,81,7.19,AU,1708577069
508,yenangyaung,20.4667,94.8833,31.29,31,46,2.55,MM,1708577069
509,colonia,50.9333,6.95,10.23,95,100,3.6,DE,1708576963
510,santa ines,-3.6667,-45.38,22.81,100,100,1.07,BR,1708577069
511,salinas,36.6777,-121.6555,11.71,91,40,2.06,US,1708576877
512,whakatane,-37.9585,176.9854,22.51,78,71,3.13,NZ,1708577070
513,caraballeda,10.6112,-66.8522,23.04,78,34,1.54,VE,1708577070
514,ilhabela,-23.7781,-45.3581,23.87,91,59,1.11,BR,1708577070
515,hobyo,5.3505,48.5268,27.73,76,100,8.54,SO,1708577070
516,urucara,-2.5364,-57.76,23.77,71,30,1.06,BR,1708577071
517,saint-pierre,-21.3393,55.4781,24.82,88,75,9.26,RE,1708577071
518,ulsteinvik,62.3432,5.8487,7.5,83,57,4.8,NO,1708577071
519,igunga,-4.2833,33.8833,22.11,82,100,0.73,TZ,1708577071
520,lebu,-37.6167,-73.65,14.12,91,100,2.6,CL,1708577071
521,sete,43.4018,3.6966,10.92,63,100,3.25,FR,1708577072
522,bangassou,4.7413,22.8184,21.59,33,100,0.96,CF,1708577072
523,kwang binh,17.4833,106.6,27.84,73,1,3.85,VN,1708577072
524,grand falls-windsor,48.9332,-55.6649,-13.61,81,17,3.1,CA,1708577011
525,lago da pedra,-4.3333,-45.1667,22.89,100,100,1.2,BR,1708577072
526,gisborne,-38.6533,178.0042,20.03,63,22,5.5,NZ,1708577073
527,kruisfontein,-34.0033,24.7314,14.94,79,2,2.34,ZA,1708577073
528,armacao de buzios,-22.7469,-41.8817,26.03,96,100,7.2,BR,1708576822
529,holualoa,19.6228,-155.9522,23.91,74,75,3.09,US,1708577073
530,enoch,37.7733,-113.0244,1.93,91,0,2.06,US,1708577074
531,nago,26.5881,127.9761,27.47,64,39,5.21,JP,1708577074
532,o barco de valdeorras,42.4164,-6.9901,11.06,94,98,2.79,ES,1708577074
533,nabire,-3.3667,135.4833,30.75,67,35,3.18,ID,1708577074
534,yuanping,38.7153,112.7575,-5.77,59,45,0.77,CN,1708577074
535,saint-paul,-21.0096,55.2707,27.05,68,100,2.61,RE,1708577080
536,fada,9.5667,8.3,22.55,45,82,0.78,NG,1708577080
537,amurzet,47.6967,131.0981,-9.13,66,47,6.67,RU,1708577080
538,kijang,35.2442,129.2139,4.85,84,100,9.14,KR,1708577080
539,cockburn town,21.4612,-71.1419,23.2,60,22,9.13,TC,1708577080
540,saint-philippe,-21.3585,55.7679,24.77,86,100,6.79,RE,1708577081
541,hovd,48.0056,91.6419,-18.24,56,3,1.64,MN,1708577035
542,zaragoza,41.6561,-0.8773,16.12,69,20,3.09,ES,1708577081
543,bel air riviere seche,-20.2542,57.7453,25.93,96,100,13.17,MU,1708577081
544,guelendeng,10.9176,15.5501,22.74,23,75,3.01,TD,1708577081
545,tsiombe,-25.3,45.4833,26.96,65,71,2.81,MG,1708577082
546,chipinge,-20.1883,32.6236,19.63,64,0,1.07,ZW,1708577082
547,moissac,44.1024,1.0945,11.38,72,100,3.9,FR,1708577082
548,fukuecho,32.6881,128.8419,11.2,87,75,8.23,JP,1708577082
549,taoudenni,22.6783,-3.9836,17.48,25,0,8.95,ML,1708577082
550,libreville,0.3925,9.4537,27.04,85,100,1.16,GA,1708577082
551,shijiazhuang,38.0414,114.4786,-1.08,81,80,0.78,CN,1708577083
552,twin falls,42.3505,-114.6445,2.19,81,75,4.63,US,1708577083
553,ulladulla,-35.35,150.4667,28.44,56,3,4.81,AU,1708577083
554,uige,-7.6087,15.0613,20.34,96,100,0.87,AO,1708577084
555,yorkton,51.2167,-102.4677,-4.09,86,0,5.14,CA,1708577084
556,ulan bator,47.9077,106.8832,-21.93,49,40,1.0,MN,1708576890
557,kuqa,41.7278,82.9364,-2.65,36,40,0.84,CN,1708577084
558,popondetta,-8.7537,148.2534,27.94,88,98,1.42,PG,1708577084
559,kazerun,29.6195,51.6541,12.47,39,0,1.04,IR,1708577085
560,luga,58.7372,29.8453,-2.01,95,100,3.24,RU,1708577085
561,greenville,35.6127,-77.3663,3.41,91,0,0.89,US,1708576858
562,viiala,61.2102,23.7674,0.67,99,100,2.49,FI,1708577085
563,tobruk,32.0836,23.9764,13.36,72,0,4.24,LY,1708577086
564,phitsanulok,16.9167,100.5,33.04,41,15,5.18,TH,1708577086
565,kinana,14.0361,33.1712,23.37,34,22,5.36,SD,1708577086
566,inarajan village,13.2736,144.7484,29.54,85,90,9.28,GU,1708577086
567,anapa,44.8908,37.3239,0.19,86,0,3.0,RU,1708576801
568,senanga,-16.1167,23.2667,19.36,50,50,1.83,ZM,1708577087
569,rodolfo sanchez taboada,31.7167,-116.5667,14.5,79,10,0.89,MX,1708577087
570,akureyri,65.6835,-18.0878,-5.04,86,0,2.06,IS,1708577087
571,del rio,29.3627,-100.8968,24.06,49,0,5.14,US,1708577087
572,belel,7.05,14.4333,19.58,22,93,1.5,CM,1708577088
573,proletarsk,46.7031,41.7192,0.08,84,100,4.91,RU,1708577088
574,mont-joli,48.5839,-68.1921,-3.28,46,75,5.14,CA,1708577088
575,ust'-kalmanka,52.1207,83.305,-22.05,87,19,0.67,RU,1708577088
576,van,38.4924,43.3831,-2.36,80,75,1.54,TR,1708577088
577,hola,51.5377,23.1902,6.1,88,84,4.15,PL,1708577089
578,uray,60.1247,64.7758,-16.18,95,98,3.58,RU,1708577089
579,benguela,-12.5763,13.4055,26.76,83,100,1.08,AO,1708577089
